"Qubit","T1 (us)","T2 (us)","Readout assignment error","Prob meas0 prep1","Prob meas1 prep0","Readout length (ns)","ID error","Single-qubit gate length (ns)","RX error","Z-axis rotation (rz) error","âˆšx (sx) error","Pauli-X error","Gate length (ns)","RZZ error","MEASURE error","MEASURE_2 error","Operational","CZ error"
"0","189.27035874901992","170.43295891167313","0.1583251953125","0.269287109375","0.04736328125","2280","0.00048045196648906804","32","0.00048045196648906804","0","0.00048045196648906804","0.00048045196648906804","1:68","1:0.005409749950551962","0.1583251953125","0.404052734375","Yes",""
"1","161.91492869488985","167.2486562942161","0.344482421875","0.166259765625","0.522705078125","2280","0.006657367498777688","32","0.006657367498777688","0","0.006657367498777688","0.006657367498777688","2:68;0:68","2:0.0031603003480610847;0:0.005409749950551962","0.344482421875","0.354736328125","Yes","2:0.0042045592900357975"
"2","306.7542090520845","103.23190154910172","0.0142822265625","0.01171875","0.016845703125","2280","0.0004907603521017724","32","0.0004907603521017724","0","0.0004907603521017724","0.0004907603521017724","1:68;3:68","1:0.0031603003480610847;3:0.001519594734027352","0.0142822265625","0.042724609375","Yes","1:0.0042045592900357975;3:0.003154279981555569"
"3","191.35146724239","162.5784425925892","0.0147705078125","0.0205078125","0.009033203125","2280","0.00029500904398726706","32","0.00029500904398726706","0","0.00029500904398726706","0.00029500904398726706","16:68;2:68;4:68","16:0.001353315487275658;2:0.001519594734027352;4:0.006095565414295567","0.0147705078125","0.0166015625","Yes","16:0.0038659155409493107;2:0.003154279981555569;4:0.00501498104210954"
"4","256.02206432141014","19.314069402015853","0.0191650390625","0.01904296875","0.019287109375","2280","0.0009634995314391988","32","0.0009634995314391988","0","0.0009634995314391988","0.0009634995314391988","3:68;5:68","3:0.006095565414295567;5:0.011901349837062536","0.0191650390625","0.017822265625","Yes","3:0.00501498104210954;5:0.006482383395458563"
"5","260.916047593969","28.603358399066895","0.01123046875","0.01806640625","0.00439453125","2280","0.003518213564706162","32","0.003518213564706162","0","0.003518213564706162","0.003518213564706162","6:68;4:68","6:0.0038926671900151866;4:0.011901349837062536","0.01123046875","0.015380859375","Yes","6:0.006901454923183753;4:0.006482383395458563"
"6","140.34156648829978","41.16915246737732","0.0113525390625","0.012451171875","0.01025390625","2280","0.0008872861471550635","32","0.0008872861471550635","0","0.0008872861471550635","0.0008872861471550635","5:68;7:80","5:0.0038926671900151866;7:0.024247080045127323","0.0113525390625","0.007568359375","Yes","5:0.006901454923183753;7:0.010450279292560843"
"7","353.7472137618192","27.751304128704124","0.0230712890625","0.0234375","0.022705078125","2280","0.0006733939004124724","32","0.0006733939004124724","0","0.0006733939004124724","0.0006733939004124724","17:68;6:80;8:68","17:0.0114755612002016;6:0.024247080045127323;8:0.005829473375133759","0.0230712890625","0.01513671875","Yes","17:0.007755875402214563;6:0.010450279292560843;8:0.010504253284116666"
"8","265.76449958794404","69.78426206781778","0.0079345703125","0.011474609375","0.00439453125","2280","0.0009278117571973911","32","0.0009278117571973911","0","0.0009278117571973911","0.0009278117571973911","9:68;7:68","9:0.002513752005332215;7:0.005829473375133759","0.0079345703125","0.008056640625","Yes","9:0.004614832740394259;7:0.010504253284116666"
"9","129.33818108627287","32.43250515805979","0.0086669921875","0.015869140625","0.00146484375","2280","0.0008067561631525162","32","0.0008067561631525162","0","0.0008067561631525162","0.0008067561631525162","8:68;10:68","8:0.002513752005332215;10:0.00307018990086666","0.0086669921875","0.021240234375","Yes","8:0.004614832740394259;10:0.010274047933940045"
"10","251.9155386420508","24.415489642357514","0.005126953125","0.005859375","0.0009765625","2280","0.0012268579731843018","32","0.0012268579731843018","0","0.0012268579731843018","0.0012268579731843018","9:68;11:68","9:0.00307018990086666;11:0.0013989661287416577","0.005126953125","0.00146484375","Yes","9:0.010274047933940045;11:0.006332028785006993"
"11","390.89624448861343","77.72093947058434","0.02587890625","0.021484375","0.0302734375","2280","0.0014553020999199038","32","0.0014553020999199038","0","0.0014553020999199038","0.0014553020999199038","18:68;10:68;12:68","18:0.00540191893643141;10:0.0013989661287416577;12:0.001994126338523583","0.02587890625","0.018798828125","Yes","18:0.007688565722634377;10:0.006332028785006993;12:0.004113795163927736"
"12","262.26449628077074","224.04285941416546","0.0137939453125","0.016845703125","0.0107421875","2280","0.00022668257048707115","32","0.00022668257048707115","0","0.00022668257048707115","0.00022668257048707115","13:68;11:68","13:0.0022574789360016723;11:0.001994126338523583","0.0137939453125","0.018798828125","Yes","13:0.0024755856816220945;11:0.004113795163927736"
"13","119.79019522604104","173.45092322272657","0.0108642578125","0.01611328125","0.005615234375","2280","0.0008752538723694089","32","0.0008752538723694089","0","0.0008752538723694089","0.0008752538723694089","12:68;14:68","12:0.0022574789360016723;14:0.0027073963552234903","0.0108642578125","0.00830078125","Yes","12:0.0024755856816220945;14:0.0017171395036579828"
"14","224.11991331601655","222.95556851330915","0.011962890625","0.01611328125","0.0078125","2280","0.00042306687195837247","32","0.00042306687195837247","0","0.00042306687195837247","0.00042306687195837247","15:68;13:68","15:0.00210233484622413;13:0.0027073963552234903","0.011962890625","0.005126953125","Yes","15:0.004721372919918282;13:0.0017171395036579828"
"15","329.8151189221493","304.3139932096698","0.00927734375","0.011962890625","0.006591796875","2280","0.0006398021921793966","32","0.0006398021921793966","0","0.0006398021921793966","0.0006398021921793966","14:68;19:68","14:0.00210233484622413;19:0.0014210948218502384","0.00927734375","0.008544921875","Yes","14:0.004721372919918282;19:0.002764047653483731"
"16","383.290569356658","269.3779238213139","0.0477294921875","0.039794921875","0.0556640625","2280","0.0004038370789761711","32","0.0004038370789761711","0","0.0004038370789761711","0.0004038370789761711","23:68;3:68","23:0.0012008417357981804;3:0.001353315487275658","0.0477294921875","0.083251953125","Yes","23:0.0035954749912667228;3:0.0038659155409493107"
"17","288.76307992467366","42.80396456730983","0.008544921875","0.01220703125","0.0048828125","2280","0.0004951664351258358","32","0.0004951664351258358","0","0.0004951664351258358","0.0004951664351258358","7:68;27:68","7:0.0114755612002016;27:0.004030994459751552","0.008544921875","0.004638671875","Yes","7:0.007755875402214563;27:0.003937155192627495"
"18","110.66696369883077","98.22652628760859","0.119873046875","0.089111328125","0.150634765625","2280","0.0011168861462095786","32","0.0011168861462095786","0","0.0011168861462095786","0.0011168861462095786","11:68;31:68","11:0.00540191893643141;31:0.00743176674656118","0.119873046875","0.08056640625","Yes","11:0.007688565722634377;31:0.004874995052593811"
"19","314.2972517003039","206.72405364610256","0.0076904296875","0.0068359375","0.008544921875","2280","0.0004712133790955906","32","0.0004712133790955906","0","0.0004712133790955906","0.0004712133790955906","35:68;15:68","35:0.0010711292881692425;15:0.0014210948218502384","0.0076904296875","0.008544921875","Yes","35:0.0018633392526809789;15:0.002764047653483731"
"20","361.1188131289924","23.654110824571404","0.0098876953125","0.013916015625","0.005859375","2280","0.001081269983115856","32","0.001081269983115856","0","0.001081269983115856","0.001081269983115856","21:68","21:0.0015929975847842337","0.0098876953125","0.01220703125","Yes","21:0.004074552030196382"
"21","214.51477253261737","165.2331972981511","0.0098876953125","0.017333984375","0.00244140625","2280","0.002027641488254473","32","0.002027641488254473","0","0.002027641488254473","0.002027641488254473","36:68;20:68;22:68","36:0.005997780628060778;20:0.0015929975847842337;22:0.003849408130814136","0.0098876953125","0.00732421875","Yes","36:0.008272616645269681;20:0.004074552030196382;22:0.0032593474535264344"
"22","257.24270310837414","92.51618929954877","0.0263671875","0.021728515625","0.031005859375","2280","0.00038582507206819176","32","0.00038582507206819176","0","0.00038582507206819176","0.00038582507206819176","23:68;21:68","23:0.005690160233824099;21:0.003849408130814136","0.0263671875","0.0205078125","Yes","23:0.005381152498406899;21:0.0032593474535264344"
"23","294.73484506810115","51.779347681508746","0.0111083984375","0.0205078125","0.001708984375","2280","0.004642641169347042","32","0.004642641169347042","0","0.004642641169347042","0.004642641169347042","22:68;24:68;16:68","22:0.005690160233824099;24:0.0017804528893211324;16:0.0012008417357981804","0.0111083984375","0.021484375","Yes","22:0.005381152498406899;24:0.0057324582794436585;16:0.0035954749912667228"
"24","265.6824193296568","26.775837700071882","0.0167236328125","0.02099609375","0.012451171875","2280","0.001231403803155681","32","0.001231403803155681","0","0.001231403803155681","0.001231403803155681","23:68;25:68","23:0.0017804528893211324;25:0.008721439315086038","0.0167236328125","0.027099609375","Yes","23:0.0057324582794436585;25:0.00492994059743862"
"25","305.1065171874205","14.711801922206783","0.0098876953125","0.013916015625","0.005859375","2280","0.00046995599712522964","32","0.00046995599712522964","0","0.00046995599712522964","0.00046995599712522964","24:68;26:68;37:68","24:0.008721439315086038;26:0.011618750936027628;37:0.003215804162975705","0.0098876953125","0.0078125","Yes","24:0.00492994059743862;26:0.005254366953677508;37:0.005314432590770413"
"26","139.0064236093412","34.817894164699915","0.012451171875","0.012451171875","0.012451171875","2280","0.0005490229202933688","32","0.0005490229202933688","0","0.0005490229202933688","0.0005490229202933688","25:68;27:68","25:0.011618750936027628;27:0.002286292956111574","0.012451171875","0.020263671875","Yes","25:0.005254366953677508;27:0.003381701029712497"
"27","233.09888070121065","27.98083905955746","0.0125732421875","0.0224609375","0.008544921875","2280","0.0006304094596511224","32","0.0006304094596511224","0","0.0006304094596511224","0.0006304094596511224","26:68;28:68;17:68","26:0.002286292956111574;28:0.0055334800965623765;17:0.004030994459751552","0.0125732421875","0.020751953125","Yes","26:0.003381701029712497;28:0.003948213310862092;17:0.003937155192627495"
"28","344.8352459520298","296.677817031038","0.007080078125","0.01171875","0.00244140625","2280","0.0008702302577379934","32","0.0008702302577379934","0","0.0008702302577379934","0.0008702302577379934","27:68;29:68","27:0.0055334800965623765;29:0.005530692410464555","0.007080078125","0.009521484375","Yes","27:0.003948213310862092;29:0.007181239851947269"
"29","176.7147699849126","70.99983228915173","0.01025390625","0.01806640625","0.00244140625","2280","0.00157490310819255","32","0.00157490310819255","0","0.00157490310819255","0.00157490310819255","38:68;28:68;30:80","38:0.009321447861747933;28:0.005530692410464555;30:0.006741958284949973","0.01025390625","0.0078125","Yes","38:0.012776638540097196;28:0.007181239851947269;30:0.0018400645470640076"
"30","235.71113036227985","45.49170275921852","0.0076904296875","0.0107421875","0.004638671875","2280","0.0005764619000706557","32","0.0005764619000706557","0","0.0005764619000706557","0.0005764619000706557","31:68;29:80","31:0.049752251450474155;29:0.006741958284949973","0.0076904296875","0.012939453125","Yes","31:0.002496424830707694;29:0.0018400645470640076"
"31","132.254210903487","150.85296556309203","0.073974609375","0.052001953125","0.095947265625","2280","0.0007932128470845635","32","0.0007932128470845635","0","0.0007932128470845635","0.0007932128470845635","30:68;32:68;18:68","30:0.049752251450474155;32:0.03418409707443207;18:0.00743176674656118","0.073974609375","0.1298828125","Yes","30:0.002496424830707694;32:0.003039936022802142;18:0.004874995052593811"
"32","297.63436058136165","131.19239091106584","0.0089111328125","0.012939453125","0.0048828125","2280","0.0008982566642778331","32","0.0008982566642778331","0","0.0008982566642778331","0.0008982566642778331","31:68;33:68","31:0.03418409707443207;33:0.0027102228801500206","0.0089111328125","0.005126953125","Yes","31:0.003039936022802142;33:0.003413020798310601"
"33","463.5415875691536","640.2615288291075","0.0086669921875","0.008056640625","0.00927734375","2280","0.0003742369354283052","32","0.0003742369354283052","0","0.0003742369354283052","0.0003742369354283052","39:68;32:68;34:108","39:0.0072785981162034885;32:0.0027102228801500206;34:0.0018825518177585931","0.0086669921875","0.005615234375","Yes","39:0.0025164957104706343;32:0.003413020798310601;34:0.0023523010941037537"
"34","354.6408035361097","273.2722983354548","0.0130615234375","0.015625","0.010498046875","2280","0.0005214445066929461","32","0.0005214445066929461","0","0.0005214445066929461","0.0005214445066929461","33:108;35:68","33:0.0018825518177585931;35:0.001133220361667825","0.0130615234375","0.01220703125","Yes","33:0.0023523010941037537;35:0.0026072303071690284"
"35","236.37500538490414","167.06569678519188","0.0137939453125","0.01953125","0.008056640625","2280","0.0007883690472947992","32","0.0007883690472947992","0","0.0007883690472947992","0.0007883690472947992","19:68;34:68","19:0.0010711292881692425;34:0.001133220361667825","0.0137939453125","0.02099609375","Yes","19:0.0018633392526809789;34:0.0026072303071690284"
"36","203.60981923908818","125.38424630099242","0.0384521484375","0.0244140625","0.052490234375","2280","0.0002659204698356267","32","0.0002659204698356267","0","0.0002659204698356267","0.0002659204698356267","41:68;21:68","41:0.004165706022036225;21:0.005997780628060778","0.0384521484375","0.02734375","Yes","41:0.004074401292212787;21:0.008272616645269681"
"37","109.51960156276489","18.57497310899679","0.005126953125","0.009765625","0.00048828125","2280","0.000495826344597053","32","0.000495826344597053","0","0.000495826344597053","0.000495826344597053","45:68;25:68","45:0.006124682188877378;25:0.003215804162975705","0.005126953125","0.0087890625","Yes","45:0.004370414923879823;25:0.005314432590770413"
"38","238.3632369078646","96.622364366847","0.0096435546875","0.01123046875","0.008056640625","2280","0.00046604166675594683","32","0.00046604166675594683","0","0.00046604166675594683","0.00046604166675594683","29:68;49:68","29:0.009321447861747933;49:0.005966298793844277","0.0096435546875","0.0390625","Yes","29:0.012776638540097196;49:0.0026452283484874606"
"39","177.4090675050676","115.28831163355156","0.0072021484375","0.012451171875","0.001953125","2280","0.0008235275696830299","32","0.0008235275696830299","0","0.0008235275696830299","0.0008235275696830299","53:68;33:68","53:0.001653828805309454;33:0.0072785981162034885","0.0072021484375","0.014892578125","Yes","53:0.0032499717074200296;33:0.0025164957104706343"
"40","355.4591221629524","21.50880521156336","0.006103515625","0.007568359375","0.004638671875","2280","0.001080193432919489","32","0.001080193432919489","0","0.001080193432919489","0.001080193432919489","41:68","41:0.007372038746329884","0.006103515625","0.01953125","Yes","41:0.005102669737899607"
"41","467.0753577951254","16.616205002909503","0.014892578125","0.022705078125","0.007080078125","2280","0.002671380910200069","32","0.002671380910200069","0","0.002671380910200069","0.002671380910200069","40:68;42:68;36:68","40:0.007372038746329884;42:0.01981836130413539;36:0.004165706022036225","0.014892578125","0.0126953125","Yes","40:0.005102669737899607;42:0.006181006854922039;36:0.004074401292212787"
"42","266.6512020926385","38.746962999959074","0.0067138671875","0.0078125","0.005615234375","2280","0.0007519608365078528","32","0.0007519608365078528","0","0.0007519608365078528","0.0007519608365078528","41:68;43:68","41:0.01981836130413539;43:0.006380180730046564","0.0067138671875","0.00439453125","Yes","41:0.006181006854922039;43:0.0062239276601016025"
"43","328.7197542105555","15.88761432446529","0.021240234375","0.04052734375","0.001953125","2280","0.0006728881677268607","32","0.0006728881677268607","0","0.0006728881677268607","0.0006728881677268607","42:68;56:68;44:68","42:0.006380180730046564;56:0.007967836904240244;44:0.008759064943217376","0.021240234375","0.007568359375","Yes","42:0.0062239276601016025;56:0.006226569171402296;44:0.004454426354376706"
"44","323.63953993342","214.34604550705282","0.0087890625","0.0126953125","0.00830078125","2280","0.0004021892529804071","32","0.0004021892529804071","0","0.0004021892529804071","0.0004021892529804071","45:68;43:68","45:0.0016431452307897332;43:0.008759064943217376","0.0087890625","0.0107421875","Yes","45:0.005186001193673961;43:0.004454426354376706"
"45","137.05688084661836","97.19866379669921","0.01025390625","0.01611328125","0.00439453125","2280","0.0002199199762245456","32","0.0002199199762245456","0","0.0002199199762245456","0.0002199199762245456","44:68;46:68;37:68","44:0.0016431452307897332;46:0.0017305498689926813;37:0.006124682188877378","0.01025390625","0.01220703125","Yes","44:0.005186001193673961;46:0.004139072300808927;37:0.004370414923879823"
"46","130.46570971295074","101.88167636451004","0.005126953125","0.00732421875","0.0029296875","2280","0.00028254662251444695","32","0.00028254662251444695","0","0.00028254662251444695","0.00028254662251444695","45:68;47:68","45:0.0017305498689926813;47:0.0018659407737134093","0.005126953125","0.00634765625","Yes","45:0.004139072300808927;47:0.004785685286995522"
"47","222.95943376069684","169.25808219288172","0.0369873046875","0.033935546875","0.0400390625","2280","0.001424015180172686","32","0.001424015180172686","0","0.001424015180172686","0.001424015180172686","48:68;57:68;46:68","48:0.002610517532631612;57:0.0012751906210099195;46:0.0018659407737134093","0.0369873046875","0.022705078125","Yes","48:0.005404349273258696;57:0.0032602876799888714;46:0.004785685286995522"
"48","269.90518635755626","29.78858473804154","0.005859375","0.0087890625","0.0029296875","2280","0.0005150075442323792","32","0.0005150075442323792","0","0.0005150075442323792","0.0005150075442323792","47:68;49:68","47:0.002610517532631612;49:0.004649617334068379","0.005859375","0.002197265625","Yes","47:0.005404349273258696;49:0.002936102952936809"
"49","333.42772417361084","103.81128458732532","0.011962890625","0.015625","0.00830078125","2280","0.0007080360565919281","32","0.0007080360565919281","0","0.0007080360565919281","0.0007080360565919281","48:68;50:68;38:68","48:0.004649617334068379;50:0.005191748486174014;38:0.005966298793844277","0.011962890625","0.00732421875","Yes","48:0.002936102952936809;50:0.002844997068448235;38:0.0026452283484874606"
"50","298.617040664879","314.15112251350564","0.0062255859375","0.0107421875","0.001708984375","2280","0.00042005432456400057","32","0.00042005432456400057","0","0.00042005432456400057","0.00042005432456400057","49:68;51:68","49:0.005191748486174014;51:0.0014133483186758167","0.0062255859375","0.0048828125","Yes","49:0.002844997068448235;51:0.002289523660428394"
"51","334.41083258982013","243.83539827583365","0.0157470703125","0.016845703125","0.0146484375","2280","0.00022508961953908872","32","0.00022508961953908872","0","0.00022508961953908872","0.00022508961953908872","50:68;52:68;58:68","50:0.0014133483186758167;52:0.003437222867769235;58:0.0031207548446949562","0.0157470703125","0.013671875","Yes","50:0.002289523660428394;52:0.0025154331533930596;58:0.0024357041032325166"
"52","131.5478160868537","28.30906540950565","0.0224609375","0.0263671875","0.0185546875","2280","0.0007391053862452131","32","0.0007391053862452131","0","0.0007391053862452131","0.0007391053862452131","51:68;53:68","51:0.003437222867769235;53:0.003703352015628908","0.0224609375","0.01953125","Yes","51:0.0025154331533930596;53:0.0026623983636514525"
"53","366.2316220902927","76.08093912410007","0.0469970703125","0.087158203125","0.0068359375","2280","0.0018137972627847458","32","0.0018137972627847458","0","0.0018137972627847458","0.0018137972627847458","39:68;52:68;54:68","39:0.001653828805309454;52:0.003703352015628908;54:0.006824438463178872","0.0469970703125","0.0673828125","Yes","39:0.0032499717074200296;52:0.0026623983636514525;54:0.002572777150150779"
"54","360.9820754232325","156.4298194572214","0.05712890625","0.04736328125","0.06689453125","2280","0.00021577656216364535","32","0.00021577656216364535","0","0.00021577656216364535","0.00021577656216364535","53:68;55:68","53:0.006824438463178872;55:0.0013571900604577858","0.05712890625","0.08837890625","Yes","53:0.002572777150150779;55:0.0033919257538735093"
"55","297.12767184456266","96.55971247504783","0.0250244140625","0.02734375","0.022705078125","2280","0.0009530725274396618","32","0.0009530725274396618","0","0.0009530725274396618","0.0009530725274396618","59:68;54:68","54:0.0013571900604577858","0.0250244140625","0.025390625","Yes","59:0.0054962299801953884;54:0.0033919257538735093"
"56","221.7536292198572","29.04836965255496","0.0087890625","0.01123046875","0.00634765625","2280","0.000509394036691585","32","0.000509394036691585","0","0.000509394036691585","0.000509394036691585","63:68;43:68","63:0.013502501151135132;43:0.007967836904240244","0.0087890625","0.008056640625","Yes","63:0.004231870091669587;43:0.006226569171402296"
"57","276.1178546969283","231.565764501961","0.0069580078125","0.010498046875","0.00341796875","2280","0.0009400938533168834","32","0.0009400938533168834","0","0.0009400938533168834","0.0009400938533168834","47:68;67:68","47:0.0012751906210099195;67:0.0014151129227640835","0.0069580078125","0.00927734375","Yes","47:0.0032602876799888714;67:0.004684322487344739"
"58","309.899346308493","168.01366105048405","0.0203857421875","0.012939453125","0.02783203125","2280","0.000258692524689115","32","0.000258692524689115","0","0.000258692524689115","0.000258692524689115","71:68;51:68","71:0.0030369018734298647;51:0.0031207548446949562","0.0203857421875","0.016845703125","Yes","71:0.0021855051022102168;51:0.0024357041032325166"
"59","220.6747533250131","213.07071238440045","0.01025390625","0.00927734375","0.01123046875","2280","0.00048612362379351823","32","0.00048612362379351823","0","0.00048612362379351823","0.00048612362379351823","55:68;75:68","75:0.0011702987412146038","0.01025390625","0.007080078125","Yes","55:0.0054962299801953884;75:0.0021677470569954893"
"60","188.23674323035732","21.12321778672296","0.0054931640625","0.0078125","0.003173828125","2280","0.0012583651839846543","32","0.0012583651839846543","0","0.0012583651839846543","0.0012583651839846543","61:68","61:0.012164102757459966","0.0054931640625","0.003173828125","Yes","61:0.005502091957968663"
"61","251.15663155957074","13.833667101239346","0.0126953125","0.009765625","0.00927734375","2280","0.0008351405246480642","32","0.0008351405246480642","0","0.0008351405246480642","0.0008351405246480642","76:68;60:68;62:68","76:0.008290981386105706;60:0.012164102757459966;62:0.00836485753999125","0.0126953125","0.006103515625","Yes","76:0.004555989263834048;60:0.005502091957968663;62:0.00400155591481105"
"62","363.75796275802395","51.83383188791243","0.0189208984375","0.011474609375","0.0263671875","2280","0.0007007172505670609","32","0.0007007172505670609","0","0.0007007172505670609","0.0007007172505670609","61:68;63:68","61:0.00836485753999125;63:0.02041250846936271","0.0189208984375","0.013671875","Yes","61:0.00400155591481105;63:0.004110258465036237"
"63","310.27554919569104","25.97269025280026","0.013671875","0.01953125","0.0078125","2280","0.0033573354171709444","32","0.0033573354171709444","0","0.0033573354171709444","0.0033573354171709444","56:68;62:68;64:68","56:0.013502501151135132;62:0.02041250846936271;64:0.011877738583252528","0.013671875","0.02392578125","Yes","56:0.004231870091669587;62:0.004110258465036237;64:0.0034737605334010935"
"64","182.7073027727512","94.06606263959021","0.0052490234375","0.00830078125","0.002197265625","2280","0.0003171960933291486","32","0.0003171960933291486","0","0.0003171960933291486","0.0003171960933291486","65:68;63:68","65:0.0030030735438034972;63:0.011877738583252528","0.0052490234375","0.010009765625","Yes","65:0.0024594314055779165;63:0.0034737605334010935"
"65","256.1089085252428","187.90508342132424","0.0150146484375","0.021728515625","0.00830078125","2280","0.0006976786901584111","32","0.0006976786901584111","0","0.0006976786901584111","0.0006976786901584111","64:68;66:68;77:68","64:0.0030030735438034972;66:0.005377944706014437;77:0.0016483608149382156","0.0150146484375","0.006591796875","Yes","64:0.0024594314055779165;66:0.00271190111524916;77:0.0025730970119533236"
"66","109.68500250154999","126.77679930672028","0.0081787109375","0.014404296875","0.001953125","2280","0.0004253735070748048","32","0.0004253735070748048","0","0.0004253735070748048","0.0004253735070748048","65:68;67:68","65:0.005377944706014437;67:0.004235927838496911","0.0081787109375","0.00634765625","Yes","65:0.00271190111524916;67:0.006027055554156641"
"67","321.34092138095906","183.14871645182083","0.015869140625","0.0205078125","0.01123046875","2280","0.0003472406892889203","32","0.0003472406892889203","0","0.0003472406892889203","0.0003472406892889203","68:68;57:68;66:68","68:0.0015272804625449665;57:0.0014151129227640835;66:0.004235927838496911","0.015869140625","0.012451171875","Yes","68:0.0034206638295213587;57:0.004684322487344739;66:0.006027055554156641"
"68","234.08240444183795","184.3862922375927","0.004150390625","0.00732421875","0.0009765625","2280","0.000446892677133887","32","0.000446892677133887","0","0.000446892677133887","0.000446892677133887","67:68;69:68","67:0.0015272804625449665;69:0.002296270056626165","0.004150390625","0.0029296875","Yes","67:0.0034206638295213587;69:0.002889374053117122"
"69","353.1026393994576","224.18084002806978","0.009765625","0.00927734375","0.01025390625","2280","0.0008516600223787835","32","0.0008516600223787835","0","0.0008516600223787835","0.0008516600223787835","78:68;68:68;70:68","78:0.0022361520540929436;68:0.002296270056626165;70:0.003614411345424673","0.009765625","0.008056640625","Yes","78:0.0024022443343128808;68:0.002889374053117122;70:0.003757561184672381"
"70","268.99163738118335","284.5581919366283","0.0135498046875","0.015625","0.011474609375","2280","0.00043231285294964865","32","0.00043231285294964865","0","0.00043231285294964865","0.00043231285294964865","69:68;71:68","69:0.003614411345424673;71:0.0034138608176910723","0.0135498046875","0.0244140625","Yes","69:0.003757561184672381;71:0.0023167543859847484"
"71","195.88075908041822","129.63489751057244","0.01708984375","0.0263671875","0.0078125","2280","0.0008173788720080196","32","0.0008173788720080196","0","0.0008173788720080196","0.0008173788720080196","72:68;58:68;70:68","72:0.0018765214248930295;58:0.0030369018734298647;70:0.0034138608176910723","0.01708984375","0.0068359375","Yes","72:0.0024141441888380633;58:0.0021855051022102168;70:0.0023167543859847484"
"72","235.4869209011558","101.2227236110994","0.0528564453125","0.042236328125","0.0634765625","2280","0.0006696060300500339","32","0.0006696060300500339","0","0.0006696060300500339","0.0006696060300500339","73:68;71:68","73:0.001458361101485256;71:0.0018765214248930295","0.0528564453125","0.35498046875","Yes","73:0.003863205429582406;71:0.0024141441888380633"
"73","159.64596732837649","130.81507569137509","0.0479736328125","0.054931640625","0.041015625","2280","0.0003979121597135908","32","0.0003979121597135908","0","0.0003979121597135908","0.0003979121597135908","72:68;74:68;79:68","72:0.001458361101485256;74:0.0014368877733869356;79:0.0021583767206195814","0.0479736328125","0.045166015625","Yes","72:0.003863205429582406;74:0.003571811094983224;79:0.00268012810268628"
"74","140.34080388847295","104.3940241371501","0.015380859375","0.023193359375","0.007568359375","2280","0.0006815074897004851","32","0.0006815074897004851","0","0.0006815074897004851","0.0006815074897004851","73:68;75:68","73:0.0014368877733869356;75:0.00249235443411408","0.015380859375","0.009521484375","Yes","73:0.003571811094983224;75:0.004796007830747462"
"75","190.28501546576118","63.91147268916453","0.034912109375","0.0615234375","0.00830078125","2280","0.0008755870305791277","32","0.0008755870305791277","0","0.0008755870305791277","0.0008755870305791277","59:68;74:68","59:0.0011702987412146038;74:0.00249235443411408","0.034912109375","0.08203125","Yes","59:0.0021677470569954893;74:0.004796007830747462"
"76","251.49881803582193","29.12372515211256","0.01220703125","0.01416015625","0.01025390625","2280","0.0007631099853598628","32","0.0007631099853598628","0","0.0007631099853598628","0.0007631099853598628","81:68;61:68","81:0.01719111554020572;61:0.008290981386105706","0.01220703125","0.014892578125","Yes","81:0.004450267717859474;61:0.004555989263834048"
"77","205.4945453453042","169.83000962794634","0.0126953125","0.0205078125","0.0048828125","2280","0.0007893203912165923","32","0.0007893203912165923","0","0.0007893203912165923","0.0007893203912165923","85:68;65:68","85:0.005576642419811845;65:0.0016483608149382156","0.0126953125","0.005615234375","Yes","85:0.0036217996673864328;65:0.0025730970119533236"
"78","132.8769298769308","31.760732353284265","0.011474609375","0.00927734375","0.00537109375","2280","0.0008981061907565478","32","0.0008981061907565478","0","0.0008981061907565478","0.0008981061907565478","69:68;89:68","69:0.0022361520540929436;89:0.0035282715922782815","0.011474609375","0.014892578125","Yes","69:0.0024022443343128808;89:0.0030100933296856314"
"79","155.51119560638298","59.040839560213506","0.0137939453125","0.023681640625","0.00390625","2280","0.0012965076942020811","32","0.0012965076942020811","0","0.0012965076942020811","0.0012965076942020811","93:68;73:68","93:0.0010905382286186538;73:0.0021583767206195814","0.0137939453125","0.0458984375","Yes","93:0.004671499744585972;73:0.00268012810268628"
"80","195.68168811952245","110.99477763160317","0.0079345703125","0.008056640625","0.0078125","2280","0.00017680567274628247","32","0.00017680567274628247","0","0.00017680567274628247","0.00017680567274628247","81:68","81:0.0012806462140422525","0.0079345703125","0.223876953125","Yes","81:0.0020146114328918052"
"81","173.10615293129482","157.97402209166367","0.011474609375","0.010986328125","0.011962890625","2280","0.000660750995736426","32","0.000660750995736426","0","0.000660750995736426","0.000660750995736426","80:68;82:68;76:68","80:0.0012806462140422525;82:0.001440308003704066;76:0.01719111554020572","0.011474609375","0.303466796875","Yes","80:0.0020146114328918052;82:0.0020098255742662385;76:0.004450267717859474"
"82","381.393614170092","437.969484623177","0.060791015625","0.117431640625","0.004150390625","2280","0.0005654950402411285","32","0.0005654950402411285","0","0.0005654950402411285","0.0005654950402411285","81:68;83:68","81:0.001440308003704066;83:0.001208278580217631","0.060791015625","0.1376953125","Yes","81:0.0020098255742662385;83:0.002857190497600276"
"83","316.5554493873124","159.03649426857538","0.025146484375","0.02734375","0.02294921875","2280","0.0019883722931511804","32","0.0019883722931511804","0","0.0019883722931511804","0.0019883722931511804","96:68;82:68;84:68","96:0.0036806527520215904;82:0.001208278580217631;84:0.0018569056285233088","0.025146484375","0.060302734375","Yes","82:0.002857190497600276;84:0.00433735608925595"
"84","243.95325788066992","68.44013813130418","0.0101318359375","0.0126953125","0.007568359375","2280","0.0004467392060454073","32","0.0004467392060454073","0","0.0004467392060454073","0.0004467392060454073","83:68;85:68","83:0.0018569056285233088;85:0.006303290212153367","0.0101318359375","0.006103515625","Yes","83:0.00433735608925595;85:0.0033025528663542802"
"85","251.52865494763273","109.401660949925","0.01171875","0.01416015625","0.00927734375","2280","0.000953438781274909","32","0.000953438781274909","0","0.000953438781274909","0.000953438781274909","77:68;86:68;84:68","77:0.005576642419811845;86:0.0049119421140742525;84:0.006303290212153367","0.01171875","0.00927734375","Yes","77:0.0036217996673864328;86:0.005726412307215212;84:0.0033025528663542802"
"86","158.21843601693894","23.554389769404956","0.008544921875","0.01708984375","0","2280","0.0005553250338773102","32","0.0005553250338773102","0","0.0005553250338773102","0.0005553250338773102","85:68;87:68","85:0.0049119421140742525;87:0.0040273928848530705","0.008544921875","0.00244140625","Yes","85:0.005726412307215212;87:0.007546891701507741"
"87","113.9649630201824","74.17616499697975","0.0164794921875","0.03173828125","0.001220703125","2280","0.0012780123228875305","32","0.0012780123228875305","0","0.0012780123228875305","0.0012780123228875305","86:68;88:68;97:68","86:0.0040273928848530705;88:0.012512259529047332;97:0.002490940810877529","0.0164794921875","0.010986328125","Yes","86:0.007546891701507741;88:0.005317822477697992;97:0.003594465392823293"
"88","161.67462398810574","14.900283122488345","0.0072021484375","0.01025390625","0.004150390625","2280","0.0003780906901086266","32","0.0003780906901086266","0","0.0003780906901086266","0.0003780906901086266","87:68;89:68","87:0.012512259529047332;89:0.0021507538038264273","0.0072021484375","0.006591796875","Yes","87:0.005317822477697992;89:0.003976313894703765"
"89","314.17839183628223","178.55443729805094","0.01220703125","0.011962890625","0.012451171875","2280","0.0005883406510022274","32","0.0005883406510022274","0","0.0005883406510022274","0.0005883406510022274","90:68;88:68;78:68","90:0.0012855996495480249;88:0.0021507538038264273;78:0.0035282715922782815","0.01220703125","0.0126953125","Yes","90:0.0021604570632819675;88:0.003976313894703765;78:0.0030100933296856314"
"90","211.66569043566932","193.62012638161949","0.005126953125","0.00732421875","0.0029296875","2280","0.0005036460900256386","32","0.0005036460900256386","0","0.0005036460900256386","0.0005036460900256386","89:68;91:68","89:0.0012855996495480249;91:0.0021081546566212583","0.005126953125","0.007080078125","Yes","89:0.0021604570632819675;91:0.0025617794158227236"
"91","233.649587396616","87.45035546896789","0.0113525390625","0.011474609375","0.01123046875","2280","0.0002459097928922308","32","0.0002459097928922308","0","0.0002459097928922308","0.0002459097928922308","98:68;90:68;92:68","98:0.005250550454976938;90:0.0021081546566212583;92:0.001966248276271232","0.0113525390625","0.010498046875","Yes","98:0.005239074198513466;90:0.0025617794158227236;92:0.003164637452607727"
"92","231.05966060182277","220.17600984526422","0.0325927734375","0.0224609375","0.042724609375","2280","0.0004977295371289507","32","0.0004977295371289507","0","0.0004977295371289507","0.0004977295371289507","91:68;93:68","91:0.001966248276271232;93:0.0017348060656313113","0.0325927734375","0.067138671875","Yes","91:0.003164637452607727;93:0.004875951151911362"
"93","468.99639999914086","130.9993863798712","0.0196533203125","0.026123046875","0.01318359375","2280","0.005870531861790234","32","0.005870531861790234","0","0.005870531861790234","0.005870531861790234","94:68;79:68;92:68","94:0.0022256810926396253;79:0.0010905382286186538;92:0.0017348060656313113","0.0196533203125","0.016845703125","Yes","94:0.004814176031337936;79:0.004671499744585972;92:0.004875951151911362"
"94","296.30352572556103","181.75868470695804","0.023681640625","0.021728515625","0.025634765625","2280","0.0002702542999906263","32","0.0002702542999906263","0","0.0002702542999906263","0.0002702542999906263","93:68;95:68","93:0.0022256810926396253;95:0.0014836140904060657","0.023681640625","0.030517578125","Yes","93:0.004814176031337936;95:0.0033860030875011715"
"95","368.30216184599806","299.91539119932935","0.017822265625","0.0166015625","0.008544921875","2280","0.0016831494984454389","32","0.0016831494984454389","0","0.0016831494984454389","0.0016831494984454389","99:68;94:68","99:0.002519581113243491;94:0.0014836140904060657","0.017822265625","0.015625","Yes","99:0.002503568506098175;94:0.0033860030875011715"
"96","111.8437975668169","87.48381247199028","0.498046875","0.004150390625","0.991943359375","2280","0.00030868779838082785","32","0.00030868779838082785","0","0.00030868779838082785","0.00030868779838082785","83:68;103:68","83:0.0036806527520215904;103:0.003280808241015759","0.498046875","0.334228515625","Yes",""
"97","285.56000259767507","58.44048009498638","0.00634765625","0.009765625","0.0029296875","2280","0.0005074122148004947","32","0.0005074122148004947","0","0.0005074122148004947","0.0005074122148004947","87:68;107:68","87:0.002490940810877529;107:0.006727910052205521","0.00634765625","0.00244140625","Yes","87:0.003594465392823293;107:0.0027820175594369945"
"98","192.4581905651896","50.94287122759855","0.0128173828125","0.021240234375","0.00439453125","2280","0.0007116827521684876","32","0.0007116827521684876","0","0.0007116827521684876","0.0007116827521684876","91:68;111:68","91:0.005250550454976938;111:0.0038388474567553066","0.0128173828125","0.019775390625","Yes","91:0.005239074198513466;111:0.0029335564723535767"
"99","185.7885382898319","169.79850532703838","0.0404052734375","0.0390625","0.041748046875","2280","0.0003727904515896342","32","0.0003727904515896342","0","0.0003727904515896342","0.0003727904515896342","115:68;95:68","115:0.00879181960532252;95:0.002519581113243491","0.0404052734375","0.0517578125","Yes","115:0.005161693131968542;95:0.002503568506098175"
"100","203.46754456404153","157.26394627619393","0.0074462890625","0.007568359375","0.00732421875","2280","0.0006826585428405166","32","0.0006826585428405166","0","0.0006826585428405166","0.0006826585428405166","101:68","101:0.0012061124157631553","0.0074462890625","0.05322265625","Yes","101:0.002482439208930348"
"101","365.9628743830178","208.5490434478895","0.018798828125","0.023681640625","0.013916015625","2280","0.0023190891705844536","32","0.0023190891705844536","0","0.0023190891705844536","0.0023190891705844536","100:68;116:68;102:68","100:0.0012061124157631553;116:0.0012427899797003983;102:0.0014180905709617608","0.018798828125","0.042724609375","Yes","100:0.002482439208930348;116:0.003842778628483645;102:0.0020736521235685534"
"102","370.66412933975755","176.25225936457363","0.363525390625","0.69775390625","0.029296875","2280","0.0006392497261931395","32","0.0006392497261931395","0","0.0006392497261931395","0.0006392497261931395","101:68;103:68","101:0.0014180905709617608;103:0.003718522697881338","0.363525390625","0.29931640625","Yes","101:0.0020736521235685534;103:0.005645266023319967"
"103","328.31930301271416","70.83638240049686","0.020751953125","0.025390625","0.01611328125","2280","0.0010764828064330353","32","0.0010764828064330353","0","0.0010764828064330353","0.0010764828064330353","104:68;96:68;102:68","104:0.0016025200620190527;96:0.003280808241015759;102:0.003718522697881338","0.020751953125","0.06982421875","Yes","104:0.003018384622660575;102:0.005645266023319967"
"104","214.46496928341494","273.2815723460612","0.0048828125","0.0087890625","0.0009765625","2280","0.0006300383691748253","32","0.0006300383691748253","0","0.0006300383691748253","0.0006300383691748253","103:68;105:68","103:0.0016025200620190527;105:0.0019806897801763756","0.0048828125","0.005126953125","Yes","103:0.003018384622660575;105:0.0043884136142555985"
"105","225.70049379249213","192.126103632637","0.0093994140625","0.01708984375","0.001708984375","2280","0.001400144225351473","32","0.001400144225351473","0","0.001400144225351473","0.001400144225351473","104:68;106:68;117:68","104:0.0019806897801763756;106:0.0018946645545880603;117:0.004754356039123886","0.0093994140625","0.010009765625","Yes","104:0.0043884136142555985;106:0.003391910980433621;117:0.0020915993795785626"
"106","152.460487493095","249.3291609965903","0.0074462890625","0.013427734375","0.00146484375","2280","0.0003646757142955357","32","0.0003646757142955357","0","0.0003646757142955357","0.0003646757142955357","107:68;105:68","107:0.0013533151549070255;105:0.0018946645545880603","0.0074462890625","0.004638671875","Yes","107:0.003755582235171695;105:0.003391910980433621"
"107","250.22497768083198","236.88585647507222","0.0142822265625","0.0185546875","0.010009765625","2280","0.005961008570110971","32","0.005961008570110971","0","0.005961008570110971","0.005961008570110971","106:68;108:68;97:68","106:0.0013533151549070255;108:0.0015041086229607703;97:0.006727910052205521","0.0142822265625","0.012451171875","Yes","106:0.003755582235171695;108:0.003647483896744269;97:0.0027820175594369945"
"108","210.71410526788256","141.3932247748","0.0069580078125","0.010498046875","0.00341796875","2280","0.0004200125581659279","32","0.0004200125581659279","0","0.0004200125581659279","0.0004200125581659279","107:68;109:68","107:0.0015041086229607703;109:0.0012284229974537653","0.0069580078125","0.008056640625","Yes","107:0.003647483896744269;109:0.002666894476822973"
"109","262.16645258243466","282.1299226452206","0.0106201171875","0.017578125","0.003662109375","2280","0.0003613780250516187","32","0.0003613780250516187","0","0.0003613780250516187","0.0003613780250516187","108:68;110:68;118:68","108:0.0012284229974537653;110:0.0031399142462534557;118:0.001751188063042003","0.0106201171875","0.00537109375","Yes","108:0.002666894476822973;110:0.004226347907246852;118:0.005493688087970516"
"110","290.823090105549","148.93638806560745","0.0062255859375","0.0087890625","0.003662109375","2280","0.0006757463207625966","32","0.0006757463207625966","0","0.0006757463207625966","0.0006757463207625966","109:68;111:68","109:0.0031399142462534557;111:0.0022930353387384528","0.0062255859375","0.00537109375","Yes","109:0.004226347907246852;111:0.002235683449229031"
"111","295.6983550381646","184.86312505425715","0.0323486328125","0.009033203125","0.0556640625","2280","0.0005510122246085598","32","0.0005510122246085598","0","0.0005510122246085598","0.0005510122246085598","112:68;110:68;98:68","110:0.0022930353387384528;98:0.0038388474567553066","0.0323486328125","0.059814453125","Yes","112:0.13397857977753355;110:0.002235683449229031;98:0.0029335564723535767"
"112","224.79092036114145","191.54487550881822","0.0963134765625","0.1669921875","0.021484375","2280","0.0008132532336859601","32","0.0008132532336859601","0","0.0008132532336859601","0.0008132532336859601","111:68;113:68","","0.0963134765625","0.1015625","Yes","111:0.13397857977753355"
"113","233.12757798197143","86.9855844500867","0.146240234375","0.166015625","0.12646484375","2280","","32","","0","","","119:68;112:68;114:68","","0.146240234375","0.19580078125","Yes","119:0.014281052250783799;114:0.007912131247003323"
"114","136.89833761771445","25.66797017151143","0.0323486328125","0.04443359375","0.020263671875","2280","0.0005046466794143421","32","0.0005046466794143421","0","0.0005046466794143421","0.0005046466794143421","115:68;113:68","115:0.010994873153565426","0.0323486328125","0.010986328125","Yes","115:0.00528281438913436;113:0.007912131247003323"
"115","307.7601581759745","8.583723136491464","0.020263671875","0.028076171875","0.012451171875","2280","0.0010155674043807652","32","0.0010155674043807652","0","0.0010155674043807652","0.0010155674043807652","99:68;114:68","99:0.00879181960532252;114:0.010994873153565426","0.020263671875","0.01708984375","Yes","99:0.005161693131968542;114:0.00528281438913436"
"116","252.52707115678044","255.8783916616136","0.0394287109375","0.07177734375","0.007080078125","2280","0.0004665607079210202","32","0.0004665607079210202","0","0.0004665607079210202","0.0004665607079210202","101:68;121:68","101:0.0012427899797003983;121:0.01387190141538927","0.0394287109375","0.093994140625","Yes","101:0.003842778628483645;121:0.013921058415191007"
"117","319.4112952275246","200.88577909424876","0.0076904296875","0.011474609375","0.00390625","2280","0.0003561161970788018","32","0.0003561161970788018","0","0.0003561161970788018","0.0003561161970788018","105:68;125:68","105:0.004754356039123886;125:0.0013560281789439521","0.0076904296875","0.004638671875","Yes","105:0.0020915993795785626;125:0.007085896526669105"
"118","101.85620546426334","94.32473027737127","0.0040283203125","0.0048828125","0.003173828125","2280","0.00023691203682179985","32","0.00023691203682179985","0","0.00023691203682179985","0.00023691203682179985","109:68;129:68","109:0.001751188063042003;129:0.004780052797749679","0.0040283203125","0.001220703125","Yes","109:0.005493688087970516;129:0.00352939451873302"
"119","146.6533151181559","141.1643633768549","0.0283203125","0.02685546875","0.02978515625","2280","0.001641423390344249","32","0.001641423390344249","0","0.001641423390344249","0.001641423390344249","113:68;133:68","133:0.023498842274142145","0.0283203125","0.023193359375","Yes","113:0.014281052250783799;133:0.07946373207236604"
"120","186.0133201893378","109.30948808113415","0.016357421875","0.017333984375","0.015380859375","2280","0.0041521529293968","32","0.0041521529293968","0","0.0041521529293968","0.0041521529293968","121:68","","0.016357421875","0.010009765625","Yes","121:0.1516467363564493"
"121","167.75396257155674","96.78252920469698","0.015380859375","0.01513671875","0.015625","2280","0.0031166317732673468","32","0.0031166317732673468","0","0.0031166317732673468","0.0031166317732673468","120:68;122:68;116:68","122:0.012426026686284869;116:0.01387190141538927","0.015380859375","0.015380859375","Yes","120:0.1516467363564493;122:0.008520777446912958;116:0.013921058415191007"
"122","350.70322511524853","317.6111675755493","0.0067138671875","0.007568359375","0.005859375","2280","0.00032331866509433617","32","0.00032331866509433617","0","0.00032331866509433617","0.00032331866509433617","121:68;123:68","121:0.012426026686284869;123:0.02235483161830773","0.0067138671875","0.00390625","Yes","121:0.008520777446912958;123:0.0035886673354223464"
"123","317.9297355951137","19.801464480114316","0.01318359375","0.01708984375","0.00927734375","2280","0.0004959651313341468","32","0.0004959651313341468","0","0.0004959651313341468","0.0004959651313341468","136:68;124:68;122:68","136:0.0017194832447047226;124:0.0013659463120451742;122:0.02235483161830773","0.01318359375","0.013427734375","Yes","136:0.004304454456738077;124:0.0033523232198495456;122:0.0035886673354223464"
"124","336.8801609662148","139.6540985121356","0.0125732421875","0.01611328125","0.009033203125","2280","0.00033818023126598406","32","0.00033818023126598406","0","0.00033818023126598406","0.00033818023126598406","123:68;125:68","123:0.0013659463120451742;125:0.0011244426112571315","0.0125732421875","0.0087890625","Yes","123:0.0033523232198495456;125:0.007601240130486464"
"125","198.81803929684264","234.63627961110177","0.0535888671875","0.053955078125","0.05322265625","2280","0.0005303826456723208","32","0.0005303826456723208","0","0.0005303826456723208","0.0005303826456723208","117:68;124:68;126:68","117:0.0013560281789439521;124:0.0011244426112571315;126:0.0010212257511274525","0.0535888671875","0.198974609375","Yes","117:0.007085896526669105;124:0.007601240130486464;126:0.006841699710354143"
"126","294.31463611904076","324.2504229073877","0.0078125","0.013671875","0.001953125","2280","0.0002539115957508269","32","0.0002539115957508269","0","0.0002539115957508269","0.0002539115957508269","127:68;125:68","127:0.0034889075662145608;125:0.0010212257511274525","0.0078125","0.010498046875","Yes","127:0.001647276564450656;125:0.006841699710354143"
"127","331.70940554332253","194.81460574809688","0.06787109375","0.0595703125","0.076171875","2280","0.00015063518814533355","32","0.00015063518814533355","0","0.00015063518814533355","0.00015063518814533355","126:68;128:68;137:68","126:0.0034889075662145608;128:0.0032863176770152047;137:0.0022460360463001094","0.06787109375","0.16455078125","Yes","126:0.001647276564450656;128:0.0020244332925399844;137:0.0016931981748447011"
"128","286.75346812576487","50.488737196489794","0.00341796875","0.006103515625","0.000732421875","2280","0.0001963500719122197","32","0.0001963500719122197","0","0.0001963500719122197","0.0001963500719122197","127:68;129:68","127:0.0032863176770152047;129:0.0027602135167348885","0.00341796875","0.002197265625","Yes","127:0.0020244332925399844;129:0.00363544545431585"
"129","215.24906211344648","108.70788360726802","0.01416015625","0.0205078125","0.0029296875","2280","0.0015718563405655403","32","0.0015718563405655403","0","0.0015718563405655403","0.0015718563405655403","130:68;128:68;118:68","130:0.004244517055392527;128:0.0027602135167348885;118:0.004780052797749679","0.01416015625","0.025146484375","Yes","130:0.006580239301651303;128:0.00363544545431585;118:0.00352939451873302"
"130","173.31600248785554","131.03381714957112","0.012451171875","0.022216796875","0.002685546875","2280","0.000524793304363551","32","0.000524793304363551","0","0.000524793304363551","0.000524793304363551","129:68;131:68","129:0.004244517055392527","0.012451171875","0.010986328125","Yes","129:0.006580239301651303"
"131","66.72568259490485","71.55461348450795","0.1529541015625","0.174072265625","0.1318359375","2280","0.009263426148777955","32","0.009263426148777955","0","0.009263426148777955","0.009263426148777955","138:68;130:68;132:68","138:0.013419811654652836;132:0.011943473114838343","0.1529541015625","0.22998046875","Yes","138:0.023618934443615486;132:0.02642130109524718"
"132","228.26658273934356","230.979782028863","0.0067138671875","0.006591796875","0.0068359375","2280","0.000598461040729954","32","0.000598461040729954","0","0.000598461040729954","0.000598461040729954","133:68;131:68","133:0.0058855110636754915;131:0.011943473114838343","0.0067138671875","0.00732421875","Yes","133:0.005730926035082934;131:0.02642130109524718"
"133","178.5903575299914","59.76510257988552","0.0126953125","0.012939453125","0.012451171875","2280","0.000932775317993428","32","0.000932775317993428","0","0.000932775317993428","0.000932775317993428","132:68;134:68;119:68","132:0.0058855110636754915;134:0.0023627885794166026;119:0.023498842274142145","0.0126953125","0.0126953125","Yes","132:0.005730926035082934;134:0.003551267926347107;119:0.07946373207236604"
"134","278.07622037560327","101.97289954463099","0.010498046875","0.01904296875","0.001953125","2280","0.0004296349968011639","32","0.0004296349968011639","0","0.0004296349968011639","0.0004296349968011639","133:68;135:68","133:0.0023627885794166026;135:0.0018414806726894384","0.010498046875","0.00732421875","Yes","133:0.003551267926347107;135:0.004207814685306732"
"135","139.71225609787993","186.73396055794592","0.01611328125","0.0244140625","0.0078125","2280","0.0012685086724317203","32","0.0012685086724317203","0","0.0012685086724317203","0.0012685086724317203","134:68;139:68","134:0.0018414806726894384;139:0.008807183397468582","0.01611328125","0.0263671875","Yes","134:0.004207814685306732;139:0.004124179503243008"
"136","172.14964712026642","204.89825314154984","0.0067138671875","0.009033203125","0.00439453125","2280","0.00166925546788719","32","0.00166925546788719","0","0.00166925546788719","0.00166925546788719","123:68;143:68","123:0.0017194832447047226;143:0.006249791246188796","0.0067138671875","0.00439453125","Yes","123:0.004304454456738077;143:0.0027256772146522223"
"137","214.42952248743256","13.977446486730573","0.009521484375","0.012451171875","0.006591796875","2280","0.0004428497684644059","32","0.0004428497684644059","0","0.0004428497684644059","0.0004428497684644059","147:68;127:68","147:0.002331010354373192;127:0.0022460360463001094","0.009521484375","0.011474609375","Yes","147:0.003265513297627476;127:0.0016931981748447011"
"138","340.62476095684906","94.63282998024287","0.0072021484375","0.00830078125","0.006103515625","2280","0.00011167948839490222","32","0.00011167948839490222","0","0.00011167948839490222","0.00011167948839490222","151:80;131:68","151:0.0012366125826480112;131:0.013419811654652836","0.0072021484375","0.0068359375","Yes","151:0.0020112904256773256;131:0.023618934443615486"
"139","171.64158922142022","18.175272177658535","0.0048828125","0.006591796875","0.003173828125","2280","0.0003209175495862364","32","0.0003209175495862364","0","0.0003209175495862364","0.0003209175495862364","155:68;135:68","155:0.004333826110304889;135:0.008807183397468582","0.0048828125","0.006591796875","Yes","155:0.0033223497787547573;135:0.004124179503243008"
"140","307.42284716459335","343.49272657958977","0.009521484375","0.008056640625","0.010986328125","2280","0.0009598549325237439","32","0.0009598549325237439","0","0.0009598549325237439","0.0009598549325237439","141:68","141:0.003013908134040788","0.009521484375","0.00927734375","Yes","141:0.0022152069907740435"
"141","344.60175886814403","145.6350325623615","0.005615234375","0.00830078125","0.0029296875","2280","0.0003093781661224814","32","0.0003093781661224814","0","0.0003093781661224814","0.0003093781661224814","140:68;142:68","140:0.003013908134040788;142:0.0010159888597599809","0.005615234375","0.006591796875","Yes","140:0.0022152069907740435;142:0.001307663259274755"
"142","380.00839526071155","145.48492644889157","0.00634765625","0.007568359375","0.005126953125","2280","0.0005642002582129969","32","0.0005642002582129969","0","0.0005642002582129969","0.0005642002582129969","143:68;141:68","143:0.0011452270055659353;141:0.0010159888597599809","0.00634765625","0.00634765625","Yes","143:0.0018654453983809882;141:0.001307663259274755"
"143","269.3922156915125","50.03084692007585","0.011474609375","0.010498046875","0.012451171875","2280","0.0005245061494710817","32","0.0005245061494710817","0","0.0005245061494710817","0.0005245061494710817","142:68;144:68;136:68","142:0.0011452270055659353;144:0.0013982727178273868;136:0.006249791246188796","0.011474609375","0.02490234375","Yes","142:0.0018654453983809882;144:0.0020840425178535182;136:0.0027256772146522223"
"144","356.03438187899104","301.8399952856895","0.0098876953125","0.0107421875","0.009033203125","2280","0.00043052281345646405","32","0.00043052281345646405","0","0.00043052281345646405","0.00043052281345646405","145:68;143:68","145:0.023415465976811184;143:0.0013982727178273868","0.0098876953125","0.00732421875","Yes","145:0.008518464328519298;143:0.0020840425178535182"
"145","200.48973894632707","114.51588182583659","0.031005859375","0.03271484375","0.029296875","2280","0.003956143110936696","32","0.003956143110936696","0","0.003956143110936696","0.003956143110936696","144:68;146:68","144:0.023415465976811184","0.031005859375","0.0595703125","Yes","144:0.008518464328519298"
"146","","","0.5006103515625","0.4970703125","0.4951171875","2280","","32","","0","","","145:68;147:68","","0.5006103515625","0.5","Yes",""
"147","172.88580660472402","56.50564071214759","0.015380859375","0.021728515625","0.009033203125","2280","0.00357193744618869","32","0.00357193744618869","0","0.00357193744618869","0.00357193744618869","148:68;137:68;146:68","148:0.002079696283310506;137:0.002331010354373192","0.015380859375","0.013916015625","Yes","148:0.003774045459316089;137:0.003265513297627476"
"148","202.71929678003784","159.0613181837847","0.0047607421875","0.007080078125","0.00244140625","2280","0.0002584034040562726","32","0.0002584034040562726","0","0.0002584034040562726","0.0002584034040562726","147:68;149:68","147:0.002079696283310506;149:0.004071447720445126","0.0047607421875","0.004638671875","Yes","147:0.003774045459316089;149:0.0042203058702442175"
"149","296.0794627280987","303.50835044046937","0.0162353515625","0.02734375","0.005126953125","2280","0.0012920774615150725","32","0.0012920774615150725","0","0.0012920774615150725","0.0012920774615150725","150:68;148:68","150:0.006050591182168469;148:0.004071447720445126","0.0162353515625","0.006103515625","Yes","150:0.0024709497046317974;148:0.0042203058702442175"
"150","373.0037630152487","392.15272822318724","0.019775390625","0.01708984375","0.0224609375","2280","0.00025641125439912905","32","0.00025641125439912905","0","0.00025641125439912905","0.00025641125439912905","149:68;151:68","149:0.006050591182168469;151:0.004618138764570179","0.019775390625","0.013427734375","Yes","149:0.0024709497046317974;151:0.0021167468974358228"
"151","202.49045759301922","144.61441298500708","0.0118408203125","0.0146484375","0.009033203125","2280","0.0004887842738411795","32","0.0004887842738411795","0","0.0004887842738411795","0.0004887842738411795","138:80;152:68;150:68","138:0.0012366125826480112;152:0.0013418943332964284;150:0.004618138764570179","0.0118408203125","0.008544921875","Yes","138:0.0020112904256773256;152:0.003604158289119308;150:0.0021167468974358228"
"152","88.52409719471285","50.510834182124874","0.0098876953125","0.010986328125","0.0087890625","2280","0.0006589411706477404","32","0.0006589411706477404","0","0.0006589411706477404","0.0006589411706477404","151:68;153:68","151:0.0013418943332964284;153:0.003660684141831516","0.0098876953125","0.008544921875","Yes","151:0.003604158289119308;153:0.005000682744875917"
"153","360.3773857437165","227.68123681020026","0.0224609375","0.013671875","0.03125","2280","0.0012735479227960372","32","0.0012735479227960372","0","0.0012735479227960372","0.0012735479227960372","152:68;154:68","152:0.003660684141831516;154:0.0012313121424427642","0.0224609375","0.020263671875","Yes","152:0.005000682744875917;154:0.002898144588900753"
"154","189.28140052774563","124.53161697679137","0.006591796875","0.00634765625","0.0068359375","2280","0.0011547252498657335","32","0.0011547252498657335","0","0.0011547252498657335","0.0011547252498657335","153:68;155:68","153:0.0012313121424427642;155:0.0031536692917208675","0.006591796875","0.004150390625","Yes","153:0.002898144588900753;155:0.002346659985780125"
"155","338.5041171568145","259.2771421099243","0.0113525390625","0.01123046875","0.011474609375","2280","0.0005238870317155005","32","0.0005238870317155005","0","0.0005238870317155005","0.0005238870317155005","139:68;154:68","139:0.004333826110304889;154:0.0031536692917208675","0.0113525390625","0.01025390625","Yes","139:0.0033223497787547573;154:0.002346659985780125"